[
    {
        "url": "https://www.finn.no/realestate/projectsingle/ad.html?finnkode=320959848",
        "heading": "SIKT Nesodden - BYGGESTART VEDTATT!",
        "sub_heading": "Bildegalleri",
        "facilities": [],
        "_id": "320959848",
        "processed_date": "2025-01-16"
    },
    {
        "url": "https://www.finn.no/realestate/projectsingle/ad.html?finnkode=385344822",
        "heading": "Smart Skeide",
        "sub_heading": "Bildegalleri",
        "facilities": [],
        "_id": "385344822",
        "processed_date": "2025-01-16"
    },
    {
        "url": "https://www.finn.no/realestate/project/ad.html?finnkode=308120232",
        "heading": "Edens Have",
        "sub_heading": "Bildegalleri",
        "facilities": [],
        "_id": "308120232",
        "processed_date": "2025-01-16"
    },
    {
        "url": "https://www.finn.no/realestate/project/ad.html?finnkode=385327419",
        "heading": "Eidet 4-mannsboliger",
        "sub_heading": "Bildegalleri",
        "facilities": [],
        "_id": "385327419",
        "processed_date": "2025-01-16"
    },
    {
        "url": "https://www.finn.no/realestate/projectsingle/ad.html?finnkode=368272437",
        "heading": "UNIKT ENEBOLIGPROSJEKT I ATTRAKTIVT OMRÅDE!",
        "sub_heading": "Bildegalleri",
        "facilities": [],
        "_id": "368272437",
        "processed_date": "2025-01-16"
    },
    {
        "url": "https://www.finn.no/realestate/projectsingle/ad.html?finnkode=385325044",
        "heading": "LEANGEN SENTRUM - Nye sør- og vestvendte selveierleiligheter fra 29-145 kvm. ...",
        "sub_heading": "Bildegalleri",
        "facilities": [],
        "_id": "385325044",
        "processed_date": "2025-01-16"
    },
    {
        "url": "https://www.finn.no/realestate/project/ad.html?finnkode=320945106",
        "heading": "Puddertoppen",
        "sub_heading": "Bildegalleri",
        "facilities": [],
        "_id": "320945106",
        "processed_date": "2025-01-16"
    },
    {
        "url": "https://www.finn.no/realestate/projectsingle/ad.html?finnkode=333565386",
        "heading": "Nye eneboliger i Buskhammeren boligfelt",
        "sub_heading": "Bildegalleri",
        "facilities": [],
        "_id": "333565386",
        "processed_date": "2025-01-16"
    },
    {
        "url": "https://www.finn.no/realestate/project/ad.html?finnkode=296565276",
        "heading": "Gartnersletta",
        "sub_heading": "Bildegalleri",
        "facilities": [],
        "_id": "296565276",
        "processed_date": "2025-01-16"
    },
    {
        "url": "https://www.finn.no/realestate/projectsingle/ad.html?finnkode=385311203",
        "heading": "Sanvik Horisontal Skeide",
        "sub_heading": "Bildegalleri",
        "facilities": [],
        "_id": "385311203",
        "processed_date": "2025-01-16"
    },
    {
        "url": "https://www.finn.no/realestate/projectsingle/ad.html?finnkode=371153400",
        "heading": "Blomstermarkå på Hundvåg",
        "sub_heading": "Bildegalleri",
        "facilities": [],
        "_id": "371153400",
        "processed_date": "2025-01-16"
    },
    {
        "url": "https://www.finn.no/realestate/project/ad.html?finnkode=304749916",
        "heading": "Grønlihagen - Kviteseid",
        "sub_heading": "Bildegalleri",
        "facilities": [],
        "_id": "304749916",
        "processed_date": "2025-01-16"
    },
    {
        "url": "https://www.finn.no/realestate/project/ad.html?finnkode=304641928",
        "heading": "FRØY | Bekkestua",
        "sub_heading": "Bildegalleri",
        "facilities": [],
        "_id": "304641928",
        "processed_date": "2025-01-16"
    },
    {
        "url": "https://www.finn.no/realestate/planned/ad.html?finnkode=329209652",
        "heading": "Lenschows",
        "sub_heading": "Bildegalleri",
        "facilities": [],
        "_id": "329209652",
        "processed_date": "2025-01-16"
    },
    {
        "url": "https://www.finn.no/realestate/planned/ad.html?finnkode=278872925",
        "heading": "Ringlebekk terrasse",
        "sub_heading": "Bildegalleri",
        "facilities": [],
        "_id": "278872925",
        "processed_date": "2025-01-16"
    },
    {
        "url": "https://www.finn.no/realestate/projectsingle/ad.html?finnkode=388358459",
        "heading": "UNIKT ENEBOLIGPROSJEKT I ATTRAKTIVT OMRÅDE!",
        "sub_heading": "Bildegalleri",
        "facilities": [],
        "_id": "388358459",
        "processed_date": "2025-01-16"
    },
    {
        "url": "https://www.finn.no/realestate/projectsingle/ad.html?finnkode=357956304",
        "heading": "Hvalenvegen 42",
        "sub_heading": "Bildegalleri",
        "facilities": [],
        "_id": "357956304",
        "processed_date": "2025-01-16"
    },
    {
        "url": "https://www.finn.no/realestate/project/ad.html?finnkode=271035100",
        "heading": "Tunnelen II Nyte",
        "sub_heading": "Bildegalleri",
        "facilities": [],
        "_id": "271035100",
        "processed_date": "2025-01-16"
    },
    {
        "url": "https://www.finn.no/realestate/project/ad.html?finnkode=329690880",
        "heading": "Halla Boligpark - Byggetrinn 1",
        "sub_heading": "Bildegalleri",
        "facilities": [],
        "_id": "329690880",
        "processed_date": "2025-01-16"
    },
    {
        "url": "https://www.finn.no/realestate/project/ad.html?finnkode=357948610",
        "heading": "FinneidFjord Havnepark",
        "sub_heading": "Bildegalleri",
        "facilities": [],
        "_id": "357948610",
        "processed_date": "2025-01-16"
    },
    {
        "url": "https://www.finn.no/realestate/project/ad.html?finnkode=304756610",
        "heading": "Lørenfallet Hage - BT2 - Haldenveien",
        "sub_heading": "Bildegalleri",
        "facilities": [],
        "_id": "304756610",
        "processed_date": "2025-01-16"
    },
    {
        "url": "https://www.finn.no/realestate/projectsingle/ad.html?finnkode=361836245",
        "heading": "Langhus 1405",
        "sub_heading": "Bildegalleri",
        "facilities": [],
        "_id": "361836245",
        "processed_date": "2025-01-16"
    },
    {
        "url": "https://www.finn.no/realestate/projectsingle/ad.html?finnkode=304753473",
        "heading": "Langenga H5-B103",
        "sub_heading": "Bildegalleri",
        "facilities": [],
        "_id": "304753473",
        "processed_date": "2025-01-16"
    },
    {
        "url": "https://www.finn.no/realestate/projectsingle/ad.html?finnkode=385283503",
        "heading": "Øvre Leidlandshagen del 2",
        "sub_heading": "Bildegalleri",
        "facilities": [],
        "_id": "385283503",
        "processed_date": "2025-01-16"
    },
    {
        "url": "https://www.finn.no/realestate/project/ad.html?finnkode=235037713",
        "heading": "Pinndalen",
        "sub_heading": "Bildegalleri",
        "facilities": [],
        "_id": "235037713",
        "processed_date": "2025-01-16"
    },
    {
        "url": "https://www.finn.no/realestate/projectsingle/ad.html?finnkode=369709981",
        "heading": "Bratsberg",
        "sub_heading": "Bildegalleri",
        "facilities": [],
        "_id": "369709981",
        "processed_date": "2025-01-16"
    },
    {
        "url": "https://www.finn.no/realestate/project/ad.html?finnkode=296523496",
        "heading": "Flotte boligtomter på nytt boligfelt med opparbeidede fellesområder",
        "sub_heading": "Bildegalleri",
        "facilities": [],
        "_id": "296523496",
        "processed_date": "2025-01-16"
    },
    {
        "url": "https://www.finn.no/realestate/project/ad.html?finnkode=296523049",
        "heading": "Flyndrevikvegen - Helletoppen",
        "sub_heading": "Bildegalleri",
        "facilities": [],
        "_id": "296523049",
        "processed_date": "2025-01-16"
    },
    {
        "url": "https://www.finn.no/realestate/project/ad.html?finnkode=253378121",
        "heading": "Smedens Hage - Nedre Stabekk",
        "sub_heading": "Bildegalleri",
        "facilities": [],
        "_id": "253378121",
        "processed_date": "2025-01-16"
    },
    {
        "url": "https://www.finn.no/realestate/project/ad.html?finnkode=299381457",
        "heading": "SPIKKELIA - Varierte nye boliger",
        "sub_heading": "Bildegalleri",
        "facilities": [],
        "_id": "299381457",
        "processed_date": "2025-01-16"
    },
    {
        "url": "https://www.finn.no/realestate/project/ad.html?finnkode=384869577",
        "heading": "Kvitre- Skogmo",
        "sub_heading": "Bildegalleri",
        "facilities": [],
        "_id": "384869577",
        "processed_date": "2025-01-16"
    },
    {
        "url": "https://www.finn.no/realestate/projectsingle/ad.html?finnkode=385240802",
        "heading": "Skåredalen",
        "sub_heading": "Bildegalleri",
        "facilities": [],
        "_id": "385240802",
        "processed_date": "2025-01-16"
    },
    {
        "url": "https://www.finn.no/realestate/planned/ad.html?finnkode=383854106",
        "heading": "Proffen Hageby | Byggetrinn 3",
        "sub_heading": "Bildegalleri",
        "facilities": [],
        "_id": "383854106",
        "processed_date": "2025-01-16"
    },
    {
        "url": "https://www.finn.no/realestate/project/ad.html?finnkode=316690372",
        "heading": "Røyrmyr 44 A og B, Bliksåsen, Froland",
        "sub_heading": "Bildegalleri",
        "facilities": [],
        "_id": "316690372",
        "processed_date": "2025-01-16"
    },
    {
        "url": "https://www.finn.no/realestate/project/ad.html?finnkode=299782935",
        "heading": "Spireaveien 43 - Justneshalvøya",
        "sub_heading": "Bildegalleri",
        "facilities": [],
        "_id": "299782935",
        "processed_date": "2025-01-16"
    },
    {
        "url": "https://www.finn.no/realestate/project/ad.html?finnkode=340998192",
        "heading": "Lauvlibakken",
        "sub_heading": "Bildegalleri",
        "facilities": [],
        "_id": "340998192",
        "processed_date": "2025-01-16"
    },
    {
        "url": "https://www.finn.no/realestate/project/ad.html?finnkode=389113392",
        "heading": "Kaievegen 16",
        "sub_heading": "Bildegalleri",
        "facilities": [],
        "_id": "389113392",
        "processed_date": "2025-01-16"
    },
    {
        "url": "https://www.finn.no/realestate/project/ad.html?finnkode=296511571",
        "heading": "Brekkeby Hage Trinn 2 - Kun 1 leiligheter igjen",
        "sub_heading": "Bildegalleri",
        "facilities": [],
        "_id": "296511571",
        "processed_date": "2025-01-16"
    },
    {
        "url": "https://www.finn.no/realestate/projectsingle/ad.html?finnkode=333541162",
        "heading": "Mevold - Del av 4-mannsbolig i fantastiske omgivelser med nydelig utsikt.",
        "sub_heading": "Bildegalleri",
        "facilities": [],
        "_id": "333541162",
        "processed_date": "2025-01-16"
    },
    {
        "url": "https://www.finn.no/realestate/projectsingle/ad.html?finnkode=333140339",
        "heading": "Kroken Hage Signatur",
        "sub_heading": "Bildegalleri",
        "facilities": [],
        "_id": "333140339",
        "processed_date": "2025-01-16"
    },
    {
        "url": "https://www.finn.no/realestate/projectsingle/ad.html?finnkode=371124981",
        "heading": "Art Garden",
        "sub_heading": "Bildegalleri",
        "facilities": [],
        "_id": "371124981",
        "processed_date": "2025-01-16"
    },
    {
        "url": "https://www.finn.no/realestate/project/ad.html?finnkode=365792440",
        "heading": "L. W. Hansens gate 12-14",
        "sub_heading": "Bildegalleri",
        "facilities": [],
        "_id": "365792440",
        "processed_date": "2025-01-16"
    },
    {
        "url": "https://www.finn.no/realestate/project/ad.html?finnkode=375619600",
        "heading": "Tønnevollskogen Bygg D - Terje Løvås vei 18",
        "sub_heading": "Bildegalleri",
        "facilities": [],
        "_id": "375619600",
        "processed_date": "2025-01-16"
    },
    {
        "url": "https://www.finn.no/realestate/project/ad.html?finnkode=371118210",
        "heading": "Juviga",
        "sub_heading": "Bildegalleri",
        "facilities": [],
        "_id": "371118210",
        "processed_date": "2025-01-16"
    },
    {
        "url": "https://www.finn.no/realestate/project/ad.html?finnkode=296502542",
        "heading": "Marstrandgata 11",
        "sub_heading": "Bildegalleri",
        "facilities": [],
        "_id": "296502542",
        "processed_date": "2025-01-16"
    },
    {
        "url": "https://www.finn.no/realestate/projectsingle/ad.html?finnkode=357929751",
        "heading": "Borgheimtunet HUS B",
        "sub_heading": "Bildegalleri",
        "facilities": [],
        "_id": "357929751",
        "processed_date": "2025-01-16"
    },
    {
        "url": "https://www.finn.no/realestate/planned/ad.html?finnkode=368391729",
        "heading": "Løbergsalleen",
        "sub_heading": "Bildegalleri",
        "facilities": [],
        "_id": "368391729",
        "processed_date": "2025-01-16"
    },
    {
        "url": "https://www.finn.no/realestate/project/ad.html?finnkode=357208092",
        "heading": "4-mannsbolig på Holaker i Maura",
        "sub_heading": "Bildegalleri",
        "facilities": [],
        "_id": "357208092",
        "processed_date": "2025-01-16"
    },
    {
        "url": "https://www.finn.no/realestate/project/ad.html?finnkode=296501015",
        "heading": "Søly Park Trinn 2",
        "sub_heading": "Bildegalleri",
        "facilities": [],
        "_id": "296501015",
        "processed_date": "2025-01-16"
    },
    {
        "url": "https://www.finn.no/realestate/project/ad.html?finnkode=356809425",
        "heading": "Leiligheter 6-mannsbolig på Holaker i Maura",
        "sub_heading": "Bildegalleri",
        "facilities": [],
        "_id": "356809425",
        "processed_date": "2025-01-16"
    }
]